,n,Q22C1 - Square Wave [f = 500 Hz fs = 15000 Hz amplitude = 20 and 512 points] with Hann window (input),k,f,Q22C2DSB - DFT spectrum [512 points DSB] of Square Wave [f = 500 Hz fs = 15000 Hz amplitude = 20 and 512 points] with Hann window (output),k,f,Q22C3DSB - DFT spectrum [512 points DSB] of Square Wave [f = 500 Hz fs = 15000 Hz amplitude = 20 and 512 points] with Hann window (output) dB,k,f,HannWindow - Hann Window [512 points],k,f,HannWindowDSB - DFT spectrum of Hann Window [512 points DSB],k,f,HannWindowDSB - DFT spectrum of Hann Window [512 points DSB] dB
,0.0000,0.0000,-256,-7500.0000,0.3327,-256,-7500.0000,-9.5594,,0.0000,0.0000,-256,-7500.0000,0.0000,-256,-7500.0000,-210.6534
,0.0667,0.0008,-255,-7471.0000,0.1668,-255,-7471.0000,-15.5545,,0.0667,0.0000,-255,-7471.0000,0.0000,-255,-7471.0000,-191.8817
,0.1333,0.0030,-254,-7442.0000,0.0002,-254,-7442.0000,-73.2731,,0.1333,0.0002,-254,-7442.0000,0.0000,-254,-7442.0000,-177.7855
,0.2000,0.0068,-253,-7413.0000,0.0001,-253,-7413.0000,-81.8852,,0.2000,0.0003,-253,-7413.0000,0.0000,-253,-7413.0000,-186.3253
,0.2667,0.0121,-252,-7383.0000,0.0000,-252,-7383.0000,-87.4725,,0.2667,0.0006,-252,-7383.0000,0.0000,-252,-7383.0000,-178.7194
,0.3333,0.0189,-251,-7354.0000,0.0000,-251,-7354.0000,-91.7456,,0.3333,0.0009,-251,-7354.0000,0.0000,-251,-7354.0000,-178.1788
,0.4000,0.0272,-250,-7325.0000,0.0000,-250,-7325.0000,-95.2812,,0.4000,0.0014,-250,-7325.0000,0.0000,-250,-7325.0000,-181.1273
,0.4667,0.0370,-249,-7295.0000,0.0000,-249,-7295.0000,-98.4118,,0.4667,0.0019,-249,-7295.0000,0.0000,-249,-7295.0000,-173.9168
,0.5333,0.0483,-248,-7266.0000,0.0000,-248,-7266.0000,-101.2568,,0.5333,0.0024,-248,-7266.0000,0.0000,-248,-7266.0000,-176.9982
,0.6000,0.0612,-247,-7237.0000,0.0000,-247,-7237.0000,-104.0862,,0.6000,0.0031,-247,-7237.0000,0.0000,-247,-7237.0000,-174.0843
,0.6667,0.0755,-246,-7208.0000,0.0000,-246,-7208.0000,-106.9088,,0.6667,0.0038,-246,-7208.0000,0.0000,-246,-7208.0000,-170.4585
,0.7333,0.0913,-245,-7178.0000,0.0000,-245,-7178.0000,-109.9702,,0.7333,0.0046,-245,-7178.0000,0.0000,-245,-7178.0000,-173.2073
,0.8000,0.1087,-244,-7149.0000,0.0000,-244,-7149.0000,-113.1605,,0.8000,0.0054,-244,-7149.0000,0.0000,-244,-7149.0000,-171.6929
,0.8667,0.1275,-243,-7120.0000,0.0000,-243,-7120.0000,-115.0672,,0.8667,0.0064,-243,-7120.0000,0.0000,-243,-7120.0000,-168.6741
,0.9333,0.1478,-242,-7090.0000,0.0000,-242,-7090.0000,-113.9438,,0.9333,0.0074,-242,-7090.0000,0.0000,-242,-7090.0000,-170.5137
,1.0000,0.0000,-241,-7061.0000,0.0000,-241,-7061.0000,-111.0552,,1.0000,0.0085,-241,-7061.0000,0.0000,-241,-7061.0000,-170.7048
,1.0667,0.0000,-240,-7032.0000,0.0000,-240,-7032.0000,-108.1973,,1.0667,0.0096,-240,-7032.0000,0.0000,-240,-7032.0000,-168.8660
,1.1333,0.0000,-239,-7002.0000,0.0000,-239,-7002.0000,-105.5385,,1.1333,0.0109,-239,-7002.0000,0.0000,-239,-7002.0000,-167.1500
,1.2000,0.0000,-238,-6973.0000,0.0000,-238,-6973.0000,-103.1767,,1.2000,0.0122,-238,-6973.0000,0.0000,-238,-6973.0000,-168.7085
,1.2667,0.0000,-237,-6944.0000,0.0000,-237,-6944.0000,-100.8485,,1.2667,0.0136,-237,-6944.0000,0.0000,-237,-6944.0000,-165.7580
,1.3333,0.0000,-236,-6915.0000,0.0000,-236,-6915.0000,-98.5851,,1.3333,0.0150,-236,-6915.0000,0.0000,-236,-6915.0000,-166.9510
,1.4000,0.0000,-235,-6885.0000,0.0000,-235,-6885.0000,-96.2803,,1.4000,0.0166,-235,-6885.0000,0.0000,-235,-6885.0000,-167.0713
,1.4667,0.0000,-234,-6856.0000,0.0000,-234,-6856.0000,-93.9014,,1.4667,0.0182,-234,-6856.0000,0.0000,-234,-6856.0000,-164.8029
,1.5333,0.0000,-233,-6827.0000,0.0000,-233,-6827.0000,-91.3974,,1.5333,0.0199,-233,-6827.0000,0.0000,-233,-6827.0000,-168.3897
,1.6000,0.0000,-232,-6797.0000,0.0000,-232,-6797.0000,-88.7205,,1.6000,0.0216,-232,-6797.0000,0.0000,-232,-6797.0000,-163.3712
,1.6667,0.0000,-231,-6768.0000,0.0001,-231,-6768.0000,-85.8112,,1.6667,0.0234,-231,-6768.0000,0.0000,-231,-6768.0000,-165.1875
,1.7333,0.0000,-230,-6739.0000,0.0001,-230,-6739.0000,-82.6003,,1.7333,0.0253,-230,-6739.0000,0.0000,-230,-6739.0000,-165.6339
,1.8000,0.0000,-229,-6709.0000,0.0001,-229,-6709.0000,-78.9934,,1.8000,0.0273,-229,-6709.0000,0.0000,-229,-6709.0000,-163.7067
,1.8667,0.0000,-228,-6680.0000,0.0002,-228,-6680.0000,-74.8610,,1.8667,0.0293,-228,-6680.0000,0.0000,-228,-6680.0000,-164.9625
,1.9333,0.0000,-227,-6651.0000,0.0003,-227,-6651.0000,-69.9901,,1.9333,0.0315,-227,-6651.0000,0.0000,-227,-6651.0000,-162.8259
,2.0000,0.6727,-226,-6622.0000,0.0006,-226,-6622.0000,-64.0298,,2.0000,0.0336,-226,-6622.0000,0.0000,-226,-6622.0000,-162.4531
,2.0667,0.7177,-225,-6592.0000,0.0015,-225,-6592.0000,-56.2779,,2.0667,0.0359,-225,-6592.0000,0.0000,-225,-6592.0000,-163.6158
,2.1333,0.7641,-224,-6563.0000,0.0057,-224,-6563.0000,-44.9108,,2.1333,0.0382,-224,-6563.0000,0.0000,-224,-6563.0000,-161.8828
,2.2000,0.8120,-223,-6534.0000,0.1371,-223,-6534.0000,-17.2568,,2.2000,0.0406,-223,-6534.0000,0.0000,-223,-6534.0000,-161.9000
,2.2667,0.8612,-222,-6504.0000,0.3362,-222,-6504.0000,-9.4668,,2.2667,0.0431,-222,-6504.0000,0.0000,-222,-6504.0000,-162.9452
,2.3333,0.9118,-221,-6475.0000,0.2046,-221,-6475.0000,-13.7830,,2.3333,0.0456,-221,-6475.0000,0.0000,-221,-6475.0000,-161.0411
,2.4000,0.9638,-220,-6446.0000,0.0098,-220,-6446.0000,-40.1669,,2.4000,0.0482,-220,-6446.0000,0.0000,-220,-6446.0000,-160.7517
,2.4667,1.0172,-219,-6417.0000,0.0022,-219,-6417.0000,-53.0562,,2.4667,0.0509,-219,-6417.0000,0.0000,-219,-6417.0000,-163.4988
,2.5333,1.0719,-218,-6387.0000,0.0009,-218,-6387.0000,-61.2825,,2.5333,0.0536,-218,-6387.0000,0.0000,-218,-6387.0000,-159.8684
,2.6000,1.1279,-217,-6358.0000,0.0004,-217,-6358.0000,-67.4207,,2.6000,0.0564,-217,-6358.0000,0.0000,-217,-6358.0000,-160.0229
,2.6667,1.1853,-216,-6329.0000,0.0002,-216,-6329.0000,-72.3498,,2.6667,0.0593,-216,-6329.0000,0.0000,-216,-6329.0000,-160.8918
,2.7333,1.2441,-215,-6299.0000,0.0001,-215,-6299.0000,-76.4944,,2.7333,0.0622,-215,-6299.0000,0.0000,-215,-6299.0000,-159.5900
,2.8000,1.3041,-214,-6270.0000,0.0001,-214,-6270.0000,-80.1056,,2.8000,0.0652,-214,-6270.0000,0.0000,-214,-6270.0000,-159.3798
,2.8667,1.3655,-213,-6241.0000,0.0001,-213,-6241.0000,-83.3458,,2.8667,0.0683,-213,-6241.0000,0.0000,-213,-6241.0000,-159.5219
,2.9333,1.4282,-212,-6211.0000,0.0000,-212,-6211.0000,-86.3454,,2.9333,0.0714,-212,-6211.0000,0.0000,-212,-6211.0000,-159.1601
,3.0000,0.0000,-211,-6182.0000,0.0000,-211,-6182.0000,-89.2079,,3.0000,0.0746,-211,-6182.0000,0.0000,-211,-6182.0000,-159.7441
,3.0667,0.0000,-210,-6153.0000,0.0000,-210,-6153.0000,-92.0631,,3.0667,0.0779,-210,-6153.0000,0.0000,-210,-6153.0000,-159.5240
,3.1333,0.0000,-209,-6124.0000,0.0000,-209,-6124.0000,-95.0070,,3.1333,0.0812,-209,-6124.0000,0.0000,-209,-6124.0000,-158.8056
,3.2000,0.0000,-208,-6094.0000,0.0000,-208,-6094.0000,-98.2143,,3.2000,0.0846,-208,-6094.0000,0.0000,-208,-6094.0000,-158.8799
,3.2667,0.0000,-207,-6065.0000,0.0000,-207,-6065.0000,-101.5962,,3.2667,0.0880,-207,-6065.0000,0.0000,-207,-6065.0000,-158.2919
,3.3333,0.0000,-206,-6036.0000,0.0000,-206,-6036.0000,-103.6164,,3.3333,0.0916,-206,-6036.0000,0.0000,-206,-6036.0000,-158.4135
,3.4000,0.0000,-205,-6006.0000,0.0000,-205,-6006.0000,-101.9927,,3.4000,0.0951,-205,-6006.0000,0.0000,-205,-6006.0000,-157.3061
,3.4667,0.0000,-204,-5977.0000,0.0000,-204,-5977.0000,-98.8347,,3.4667,0.0988,-204,-5977.0000,0.0000,-204,-5977.0000,-158.5066
,3.5333,0.0000,-203,-5948.0000,0.0000,-203,-5948.0000,-95.7844,,3.5333,0.1025,-203,-5948.0000,0.0000,-203,-5948.0000,-156.7671
,3.6000,0.0000,-202,-5918.0000,0.0000,-202,-5918.0000,-93.0314,,3.6000,0.1062,-202,-5918.0000,0.0000,-202,-5918.0000,-157.7644
,3.6667,0.0000,-201,-5889.0000,0.0000,-201,-5889.0000,-90.4470,,3.6667,0.1100,-201,-5889.0000,0.0000,-201,-5889.0000,-156.6521
,3.7333,0.0000,-200,-5860.0000,0.0000,-200,-5860.0000,-87.9124,,3.7333,0.1139,-200,-5860.0000,0.0000,-200,-5860.0000,-157.4051
,3.8000,0.0000,-199,-5831.0000,0.0001,-199,-5831.0000,-85.3472,,3.8000,0.1179,-199,-5831.0000,0.0000,-199,-5831.0000,-156.7443
,3.8667,0.0000,-198,-5801.0000,0.0001,-198,-5801.0000,-82.6703,,3.8667,0.1219,-198,-5801.0000,0.0000,-198,-5801.0000,-157.0234
,3.9333,0.0000,-197,-5772.0000,0.0001,-197,-5772.0000,-79.7985,,3.9333,0.1259,-197,-5772.0000,0.0000,-197,-5772.0000,-156.2286
,4.0000,2.6002,-196,-5743.0000,0.0001,-196,-5743.0000,-76.6670,,4.0000,0.1300,-196,-5743.0000,0.0000,-196,-5743.0000,-156.1056
,4.0667,2.6834,-195,-5713.0000,0.0002,-195,-5713.0000,-73.1684,,4.0667,0.1342,-195,-5713.0000,0.0000,-195,-5713.0000,-155.5185
,4.1333,2.7678,-194,-5684.0000,0.0003,-194,-5684.0000,-69.1732,,4.1333,0.1384,-194,-5684.0000,0.0000,-194,-5684.0000,-155.7800
,4.2000,2.8533,-193,-5655.0000,0.0006,-193,-5655.0000,-64.4833,,4.2000,0.1427,-193,-5655.0000,0.0000,-193,-5655.0000,-157.0766
,4.2667,2.9398,-192,-5625.0000,0.0012,-192,-5625.0000,-58.7676,,4.2667,0.1470,-192,-5625.0000,0.0000,-192,-5625.0000,-155.4626
,4.3333,3.0274,-191,-5596.0000,0.0027,-191,-5596.0000,-51.3915,,4.3333,0.1514,-191,-5596.0000,0.0000,-191,-5596.0000,-154.7167
,4.4000,3.1161,-190,-5567.0000,0.0091,-190,-5567.0000,-40.7891,,4.4000,0.1558,-190,-5567.0000,0.0000,-190,-5567.0000,-155.5035
,4.4667,3.2058,-189,-5538.0000,0.1131,-189,-5538.0000,-18.9297,,4.4667,0.1603,-189,-5538.0000,0.0000,-189,-5538.0000,-155.4151
,4.5333,3.2965,-188,-5508.0000,0.3478,-188,-5508.0000,-9.1727,,4.5333,0.1648,-188,-5508.0000,0.0000,-188,-5508.0000,-155.3231
,4.6000,3.3883,-187,-5479.0000,0.2545,-187,-5479.0000,-11.8859,,4.6000,0.1694,-187,-5479.0000,0.0000,-187,-5479.0000,-154.6411
,4.6667,3.4810,-186,-5450.0000,0.0252,-186,-5450.0000,-31.9636,,4.6667,0.1741,-186,-5450.0000,0.0000,-186,-5450.0000,-154.8734
,4.7333,3.5747,-185,-5420.0000,0.0050,-185,-5420.0000,-46.0683,,4.7333,0.1787,-185,-5420.0000,0.0000,-185,-5420.0000,-154.0841
,4.8000,3.6694,-184,-5391.0000,0.0018,-184,-5391.0000,-54.7608,,4.8000,0.1835,-184,-5391.0000,0.0000,-184,-5391.0000,-154.1961
,4.8667,3.7651,-183,-5362.0000,0.0009,-183,-5362.0000,-61.1717,,4.8667,0.1883,-183,-5362.0000,0.0000,-183,-5362.0000,-154.2115
,4.9333,3.8617,-182,-5333.0000,0.0005,-182,-5333.0000,-66.2885,,4.9333,0.1931,-182,-5333.0000,0.0000,-182,-5333.0000,-153.5118
,5.0000,0.0000,-181,-5303.0000,0.0003,-181,-5303.0000,-70.5737,,5.0000,0.1980,-181,-5303.0000,0.0000,-181,-5303.0000,-153.9020
,5.0667,0.0000,-180,-5274.0000,0.0002,-180,-5274.0000,-74.2897,,5.0667,0.2029,-180,-5274.0000,0.0000,-180,-5274.0000,-153.0900
,5.1333,0.0000,-179,-5245.0000,0.0001,-179,-5245.0000,-77.6075,,5.1333,0.2079,-179,-5245.0000,0.0000,-179,-5245.0000,-153.3451
,5.2000,0.0000,-178,-5215.0000,0.0001,-178,-5215.0000,-80.6566,,5.2000,0.2129,-178,-5215.0000,0.0000,-178,-5215.0000,-153.3006
,5.2667,0.0000,-177,-5186.0000,0.0001,-177,-5186.0000,-83.5385,,5.2667,0.2179,-177,-5186.0000,0.0000,-177,-5186.0000,-153.0576
,5.3333,0.0000,-176,-5157.0000,0.0000,-176,-5157.0000,-86.3569,,5.3333,0.2230,-176,-5157.0000,0.0000,-176,-5157.0000,-153.2473
,5.4000,0.0000,-175,-5127.0000,0.0000,-175,-5127.0000,-89.2427,,5.4000,0.2282,-175,-5127.0000,0.0000,-175,-5127.0000,-152.4007
,5.4667,0.0000,-174,-5098.0000,0.0000,-174,-5098.0000,-92.3217,,5.4667,0.2333,-174,-5098.0000,0.0000,-174,-5098.0000,-152.9554
,5.5333,0.0000,-173,-5069.0000,0.0000,-173,-5069.0000,-95.6805,,5.5333,0.2386,-173,-5069.0000,0.0000,-173,-5069.0000,-152.4863
,5.6000,0.0000,-172,-5040.0000,0.0000,-172,-5040.0000,-98.7419,,5.6000,0.2438,-172,-5040.0000,0.0000,-172,-5040.0000,-152.3822
,5.6667,0.0000,-171,-5010.0000,0.0000,-171,-5010.0000,-98.8983,,5.6667,0.2491,-171,-5010.0000,0.0000,-171,-5010.0000,-152.5406
,5.7333,0.0000,-170,-4981.0000,0.0000,-170,-4981.0000,-96.0666,,5.7333,0.2544,-170,-4981.0000,0.0000,-170,-4981.0000,-152.0230
,5.8000,0.0000,-169,-4952.0000,0.0000,-169,-4952.0000,-92.8992,,5.8000,0.2598,-169,-4952.0000,0.0000,-169,-4952.0000,-152.5987
,5.8667,0.0000,-168,-4922.0000,0.0000,-168,-4922.0000,-89.9899,,5.8667,0.2652,-168,-4922.0000,0.0000,-168,-4922.0000,-151.1148
,5.9333,0.0000,-167,-4893.0000,0.0000,-167,-4893.0000,-87.3371,,5.9333,0.2707,-167,-4893.0000,0.0000,-167,-4893.0000,-151.7043
,6.0000,5.5232,-166,-4864.0000,0.0001,-166,-4864.0000,-84.7746,,6.0000,0.2762,-166,-4864.0000,0.0000,-166,-4864.0000,-151.2500
,6.0667,5.6335,-165,-4834.0000,0.0001,-165,-4834.0000,-82.2077,,6.0667,0.2817,-165,-4834.0000,0.0000,-165,-4834.0000,-151.4520
,6.1333,5.7444,-164,-4805.0000,0.0001,-164,-4805.0000,-79.5538,,6.1333,0.2872,-164,-4805.0000,0.0000,-164,-4805.0000,-151.2910
,6.2000,5.8560,-163,-4776.0000,0.0001,-163,-4776.0000,-76.7292,,6.2000,0.2928,-163,-4776.0000,0.0000,-163,-4776.0000,-150.6389
,6.2667,5.9682,-162,-4747.0000,0.0002,-162,-4747.0000,-73.6577,,6.2667,0.2984,-162,-4747.0000,0.0000,-162,-4747.0000,-151.4987
,6.3333,6.0811,-161,-4717.0000,0.0003,-161,-4717.0000,-70.2390,,6.3333,0.3041,-161,-4717.0000,0.0000,-161,-4717.0000,-150.2566
,6.4000,6.1945,-160,-4688.0000,0.0005,-160,-4688.0000,-66.3477,,6.4000,0.3097,-160,-4688.0000,0.0000,-160,-4688.0000,-150.5798
,6.4667,6.3085,-159,-4659.0000,0.0008,-159,-4659.0000,-61.7948,,6.4667,0.3154,-159,-4659.0000,0.0000,-159,-4659.0000,-150.3858
,6.5333,6.4230,-158,-4629.0000,0.0015,-158,-4629.0000,-56.2728,,6.5333,0.3212,-158,-4629.0000,0.0000,-158,-4629.0000,-150.1051
,6.6000,6.5381,-157,-4600.0000,0.0035,-157,-4600.0000,-49.2066,,6.6000,0.3269,-157,-4600.0000,0.0000,-157,-4600.0000,-150.0310
,6.6667,6.6537,-156,-4571.0000,0.0109,-156,-4571.0000,-39.2377,,6.6667,0.3327,-156,-4571.0000,0.0000,-156,-4571.0000,-149.9503
,6.7333,6.7698,-155,-4542.0000,0.0933,-155,-4542.0000,-20.6034,,6.7333,0.3385,-155,-4542.0000,0.0000,-155,-4542.0000,-149.8622
,6.8000,6.8865,-154,-4512.0000,0.3707,-154,-4512.0000,-8.6207,,6.8000,0.3443,-154,-4512.0000,0.0000,-154,-4512.0000,-149.5855
,6.8667,7.0035,-153,-4483.0000,0.3245,-153,-4483.0000,-9.7757,,6.8667,0.3502,-153,-4483.0000,0.0000,-153,-4483.0000,-149.3765
,6.9333,7.1211,-152,-4454.0000,0.0504,-152,-4454.0000,-25.9428,,6.9333,0.3561,-152,-4454.0000,0.0000,-152,-4454.0000,-149.0677
,7.0000,0.0000,-151,-4424.0000,0.0084,-151,-4424.0000,-41.5084,,7.0000,0.3620,-151,-4424.0000,0.0000,-151,-4424.0000,-149.4968
,7.0667,0.0000,-150,-4395.0000,0.0029,-150,-4395.0000,-50.6768,,7.0667,0.3679,-150,-4395.0000,0.0000,-150,-4395.0000,-148.9998
,7.1333,0.0000,-149,-4366.0000,0.0014,-149,-4366.0000,-57.3452,,7.1333,0.3738,-149,-4366.0000,0.0000,-149,-4366.0000,-148.7622
,7.2000,0.0000,-148,-4336.0000,0.0007,-148,-4336.0000,-62.6303,,7.2000,0.3798,-148,-4336.0000,0.0000,-148,-4336.0000,-148.3143
,7.2667,0.0000,-147,-4307.0000,0.0004,-147,-4307.0000,-67.0361,,7.2667,0.3857,-147,-4307.0000,0.0000,-147,-4307.0000,-148.5890
,7.3333,0.0000,-146,-4278.0000,0.0003,-146,-4278.0000,-70.8445,,7.3333,0.3917,-146,-4278.0000,0.0000,-146,-4278.0000,-148.4434
,7.4000,0.0000,-145,-4249.0000,0.0002,-145,-4249.0000,-74.2329,,7.4000,0.3977,-145,-4249.0000,0.0000,-145,-4249.0000,-148.4844
,7.4667,0.0000,-144,-4219.0000,0.0001,-144,-4219.0000,-77.3357,,7.4667,0.4038,-144,-4219.0000,0.0000,-144,-4219.0000,-148.1157
,7.5333,0.0000,-143,-4190.0000,0.0001,-143,-4190.0000,-80.2542,,7.5333,0.4098,-143,-4190.0000,0.0000,-143,-4190.0000,-147.9099
,7.6000,0.0000,-142,-4161.0000,0.0001,-142,-4161.0000,-83.0999,,7.6000,0.4159,-142,-4161.0000,0.0000,-142,-4161.0000,-147.8032
,7.6667,0.0000,-141,-4131.0000,0.0001,-141,-4131.0000,-85.9820,,7.6667,0.4219,-141,-4131.0000,0.0000,-141,-4131.0000,-147.6478
,7.7333,0.0000,-140,-4102.0000,0.0000,-140,-4102.0000,-89.0292,,7.7333,0.4280,-140,-4102.0000,0.0000,-140,-4102.0000,-147.9059
,7.8000,0.0000,-139,-4073.0000,0.0000,-139,-4073.0000,-92.3829,,7.8000,0.4341,-139,-4073.0000,0.0000,-139,-4073.0000,-147.2283
,7.8667,0.0000,-138,-4043.0000,0.0000,-138,-4043.0000,-95.7058,,7.8667,0.4402,-138,-4043.0000,0.0000,-138,-4043.0000,-147.2651
,7.9333,0.0000,-137,-4014.0000,0.0000,-137,-4014.0000,-96.7254,,7.9333,0.4463,-137,-4014.0000,0.0000,-137,-4014.0000,-146.6234
,8.0000,9.0485,-136,-3985.0000,0.0000,-136,-3985.0000,-94.2315,,8.0000,0.4524,-136,-3985.0000,0.0000,-136,-3985.0000,-147.0639
,8.0667,9.1710,-135,-3956.0000,0.0000,-135,-3956.0000,-90.9913,,8.0667,0.4585,-135,-3956.0000,0.0000,-135,-3956.0000,-146.6298
,8.1333,9.2936,-134,-3926.0000,0.0000,-134,-3926.0000,-88.0380,,8.1333,0.4647,-134,-3926.0000,0.0000,-134,-3926.0000,-146.4994
,8.2000,9.4163,-133,-3897.0000,0.0001,-133,-3897.0000,-85.3588,,8.2000,0.4708,-133,-3897.0000,0.0000,-133,-3897.0000,-146.1750
,8.2667,9.5391,-132,-3868.0000,0.0001,-132,-3868.0000,-82.8007,,8.2667,0.4770,-132,-3868.0000,0.0000,-132,-3868.0000,-146.3105
,8.3333,9.6619,-131,-3838.0000,0.0001,-131,-3838.0000,-80.2557,,8.3333,0.4831,-131,-3838.0000,0.0000,-131,-3838.0000,-146.2105
,8.4000,9.7848,-130,-3809.0000,0.0001,-130,-3809.0000,-77.6333,,8.4000,0.4892,-130,-3809.0000,0.0000,-130,-3809.0000,-146.0168
,8.4667,9.9078,-129,-3780.0000,0.0002,-129,-3780.0000,-74.8591,,8.4667,0.4954,-129,-3780.0000,0.0000,-129,-3780.0000,-145.8029
,8.5333,10.0307,-128,-3750.0000,0.0003,-128,-3750.0000,-71.8484,,8.5333,0.5015,-128,-3750.0000,0.0000,-128,-3750.0000,-145.6001
,8.6000,10.1537,-127,-3721.0000,0.0004,-127,-3721.0000,-68.5055,,8.6000,0.5077,-127,-3721.0000,0.0000,-127,-3721.0000,-145.6354
,8.6667,10.2766,-126,-3692.0000,0.0006,-126,-3692.0000,-64.7104,,8.6667,0.5138,-126,-3692.0000,0.0000,-126,-3692.0000,-145.2890
,8.7333,10.3995,-125,-3663.0000,0.0010,-125,-3663.0000,-60.2832,,8.7333,0.5200,-125,-3663.0000,0.0000,-125,-3663.0000,-145.1676
,8.8000,10.5223,-124,-3633.0000,0.0018,-124,-3633.0000,-54.9390,,8.8000,0.5261,-124,-3633.0000,0.0000,-124,-3633.0000,-144.8993
,8.8667,10.6451,-123,-3604.0000,0.0039,-123,-3604.0000,-48.1538,,8.8667,0.5323,-123,-3604.0000,0.0000,-123,-3604.0000,-144.7613
,8.9333,10.7677,-122,-3575.0000,0.0116,-122,-3575.0000,-38.7394,,8.9333,0.5384,-122,-3575.0000,0.0000,-122,-3575.0000,-144.7757
,9.0000,0.0000,-121,-3545.0000,0.0767,-121,-3545.0000,-22.3023,,9.0000,0.5445,-121,-3545.0000,0.0000,-121,-3545.0000,-144.4594
,9.0667,0.0000,-120,-3516.0000,0.4127,-120,-3516.0000,-7.6868,,9.0667,0.5506,-120,-3516.0000,0.0000,-120,-3516.0000,-144.1808
,9.1333,0.0000,-119,-3487.0000,0.4314,-119,-3487.0000,-7.3021,,9.1333,0.5567,-119,-3487.0000,0.0000,-119,-3487.0000,-144.1631
,9.2000,0.0000,-118,-3458.0000,0.0940,-118,-3458.0000,-20.5377,,9.2000,0.5628,-118,-3458.0000,0.0000,-118,-3458.0000,-143.8269
,9.2667,0.0000,-117,-3428.0000,0.0126,-117,-3428.0000,-37.9879,,9.2667,0.5689,-117,-3428.0000,0.0000,-117,-3428.0000,-143.8034
,9.3333,0.0000,-116,-3399.0000,0.0041,-116,-3399.0000,-47.6794,,9.3333,0.5750,-116,-3399.0000,0.0000,-116,-3399.0000,-143.7532
,9.4000,0.0000,-115,-3370.0000,0.0019,-115,-3370.0000,-54.6182,,9.4000,0.5811,-115,-3370.0000,0.0000,-115,-3370.0000,-143.4929
,9.4667,0.0000,-114,-3340.0000,0.0010,-114,-3340.0000,-60.0759,,9.4667,0.5872,-114,-3340.0000,0.0000,-114,-3340.0000,-143.3190
,9.5333,0.0000,-113,-3311.0000,0.0006,-113,-3311.0000,-64.6058,,9.5333,0.5932,-113,-3311.0000,0.0000,-113,-3311.0000,-143.2996
,9.6000,0.0000,-112,-3282.0000,0.0004,-112,-3282.0000,-68.5089,,9.6000,0.5992,-112,-3282.0000,0.0000,-112,-3282.0000,-142.8825
,9.6667,0.0000,-111,-3252.0000,0.0003,-111,-3252.0000,-71.9754,,9.6667,0.6053,-111,-3252.0000,0.0000,-111,-3252.0000,-142.9136
,9.7333,0.0000,-110,-3223.0000,0.0002,-110,-3223.0000,-75.1422,,9.7333,0.6113,-110,-3223.0000,0.0000,-110,-3223.0000,-142.6254
,9.8000,0.0000,-109,-3194.0000,0.0001,-109,-3194.0000,-78.1169,,9.8000,0.6172,-109,-3194.0000,0.0000,-109,-3194.0000,-142.4371
,9.8667,0.0000,-108,-3165.0000,0.0001,-108,-3165.0000,-81.0066,,9.8667,0.6232,-108,-3165.0000,0.0000,-108,-3165.0000,-142.1873
,9.9333,0.0000,-107,-3135.0000,0.0001,-107,-3135.0000,-83.9348,,9.9333,0.6292,-107,-3135.0000,0.0000,-107,-3135.0000,-142.1487
,10.0000,12.7018,-106,-3106.0000,0.0000,-106,-3106.0000,-87.0252,,10.0000,0.6351,-106,-3106.0000,0.0000,-106,-3106.0000,-142.0507
,10.0667,12.8200,-105,-3077.0000,0.0000,-105,-3077.0000,-90.4363,,10.0667,0.6410,-105,-3077.0000,0.0000,-105,-3077.0000,-141.7287
,10.1333,12.9378,-104,-3047.0000,0.0000,-104,-3047.0000,-93.9304,,10.1333,0.6469,-104,-3047.0000,0.0000,-104,-3047.0000,-141.6543
,10.2000,13.0551,-103,-3018.0000,0.0000,-103,-3018.0000,-95.2875,,10.2000,0.6528,-103,-3018.0000,0.0000,-103,-3018.0000,-141.2958
,10.2667,13.1719,-102,-2989.0000,0.0000,-102,-2989.0000,-92.8571,,10.2667,0.6586,-102,-2989.0000,0.0000,-102,-2989.0000,-141.2939
,10.3333,13.2883,-101,-2959.0000,0.0000,-101,-2959.0000,-89.6044,,10.3333,0.6644,-101,-2959.0000,0.0000,-101,-2959.0000,-141.0891
,10.4000,13.4041,-100,-2930.0000,0.0000,-100,-2930.0000,-86.6437,,10.4000,0.6702,-100,-2930.0000,0.0000,-100,-2930.0000,-140.8998
,10.4667,13.5195,-99,-2901.0000,0.0001,-99,-2901.0000,-83.9699,,10.4667,0.6760,-99,-2901.0000,0.0000,-99,-2901.0000,-140.6711
,10.5333,13.6343,-98,-2872.0000,0.0001,-98,-2872.0000,-81.4395,,10.5333,0.6817,-98,-2872.0000,0.0000,-98,-2872.0000,-140.3989
,10.6000,13.7486,-97,-2842.0000,0.0001,-97,-2842.0000,-78.9355,,10.6000,0.6874,-97,-2842.0000,0.0000,-97,-2842.0000,-140.2380
,10.6667,13.8623,-96,-2813.0000,0.0002,-96,-2813.0000,-76.3643,,10.6667,0.6931,-96,-2813.0000,0.0000,-96,-2813.0000,-140.1497
,10.7333,13.9754,-95,-2784.0000,0.0002,-95,-2784.0000,-73.6470,,10.7333,0.6988,-95,-2784.0000,0.0000,-95,-2784.0000,-139.7579
,10.8000,14.0879,-94,-2754.0000,0.0003,-94,-2754.0000,-70.7027,,10.8000,0.7044,-94,-2754.0000,0.0000,-94,-2754.0000,-139.6832
,10.8667,14.1999,-93,-2725.0000,0.0004,-93,-2725.0000,-67.4417,,10.8667,0.7100,-93,-2725.0000,0.0000,-93,-2725.0000,-139.4746
,10.9333,14.3111,-92,-2696.0000,0.0006,-92,-2696.0000,-63.7440,,10.9333,0.7156,-92,-2696.0000,0.0000,-92,-2696.0000,-139.3931
,11.0000,0.0000,-91,-2667.0000,0.0011,-91,-2667.0000,-59.4423,,11.0000,0.7211,-91,-2667.0000,0.0000,-91,-2667.0000,-139.1724
,11.0667,0.0000,-90,-2637.0000,0.0019,-90,-2637.0000,-54.2707,,11.0667,0.7266,-90,-2637.0000,0.0000,-90,-2637.0000,-138.8167
,11.1333,0.0000,-89,-2608.0000,0.0041,-89,-2608.0000,-47.7500,,11.1333,0.7320,-89,-2608.0000,0.0000,-89,-2608.0000,-138.5800
,11.2000,0.0000,-88,-2579.0000,0.0114,-88,-2579.0000,-38.8344,,11.2000,0.7375,-88,-2579.0000,0.0000,-88,-2579.0000,-138.3877
,11.2667,0.0000,-87,-2549.0000,0.0628,-87,-2549.0000,-24.0445,,11.2667,0.7429,-87,-2549.0000,0.0000,-87,-2549.0000,-138.1780
,11.3333,0.0000,-86,-2520.0000,0.4958,-86,-2520.0000,-6.0937,,11.3333,0.7482,-86,-2520.0000,0.0000,-86,-2520.0000,-138.0509
,11.4000,0.0000,-85,-2491.0000,0.6192,-85,-2491.0000,-4.1632,,11.4000,0.7535,-85,-2491.0000,0.0000,-85,-2491.0000,-137.8005
,11.4667,0.0000,-84,-2461.0000,0.1780,-84,-2461.0000,-14.9940,,11.4667,0.7588,-84,-2461.0000,0.0000,-84,-2461.0000,-137.5485
,11.5333,0.0000,-83,-2432.0000,0.0177,-83,-2432.0000,-35.0647,,11.5333,0.7641,-83,-2432.0000,0.0000,-83,-2432.0000,-137.4133
,11.6000,0.0000,-82,-2403.0000,0.0054,-82,-2403.0000,-45.3475,,11.6000,0.7693,-82,-2403.0000,0.0000,-82,-2403.0000,-137.1644
,11.6667,0.0000,-81,-2374.0000,0.0023,-81,-2374.0000,-52.5815,,11.6667,0.7744,-81,-2374.0000,0.0000,-81,-2374.0000,-136.8746
,11.7333,0.0000,-80,-2344.0000,0.0012,-80,-2344.0000,-58.2269,,11.7333,0.7795,-80,-2344.0000,0.0000,-80,-2344.0000,-136.7674
,11.8000,0.0000,-79,-2315.0000,0.0007,-79,-2315.0000,-62.8938,,11.8000,0.7846,-79,-2315.0000,0.0000,-79,-2315.0000,-136.4746
,11.8667,0.0000,-78,-2286.0000,0.0005,-78,-2286.0000,-66.9070,,11.8667,0.7896,-78,-2286.0000,0.0000,-78,-2286.0000,-136.2462
,11.9333,0.0000,-77,-2256.0000,0.0003,-77,-2256.0000,-70.4681,,11.9333,0.7946,-77,-2256.0000,0.0000,-77,-2256.0000,-135.9337
,12.0000,15.9917,-76,-2227.0000,0.0002,-76,-2227.0000,-73.7238,,12.0000,0.7996,-76,-2227.0000,0.0000,-76,-2227.0000,-135.7425
,12.0667,16.0896,-75,-2198.0000,0.0001,-75,-2198.0000,-76.7871,,12.0667,0.8045,-75,-2198.0000,0.0000,-75,-2198.0000,-135.5032
,12.1333,16.1867,-74,-2168.0000,0.0001,-74,-2168.0000,-79.7757,,12.1333,0.8093,-74,-2168.0000,0.0000,-74,-2168.0000,-135.2701
,12.2000,16.2828,-73,-2139.0000,0.0001,-73,-2139.0000,-82.8160,,12.2000,0.8141,-73,-2139.0000,0.0000,-73,-2139.0000,-135.0237
,12.2667,16.3780,-72,-2110.0000,0.0000,-72,-2110.0000,-86.0655,,12.2667,0.8189,-72,-2110.0000,0.0000,-72,-2110.0000,-134.8369
,12.3333,16.4722,-71,-2081.0000,0.0000,-71,-2081.0000,-89.7110,,12.3333,0.8236,-71,-2081.0000,0.0000,-71,-2081.0000,-134.4936
,12.4000,16.5655,-70,-2051.0000,0.0000,-70,-2051.0000,-93.4833,,12.4000,0.8283,-70,-2051.0000,0.0000,-70,-2051.0000,-134.2751
,12.4667,16.6577,-69,-2022.0000,0.0000,-69,-2022.0000,-94.5347,,12.4667,0.8329,-69,-2022.0000,0.0000,-69,-2022.0000,-133.9888
,12.5333,16.7490,-68,-1993.0000,0.0000,-68,-1993.0000,-91.6433,,12.5333,0.8374,-68,-1993.0000,0.0000,-68,-1993.0000,-133.7197
,12.6000,16.8392,-67,-1963.0000,0.0000,-67,-1963.0000,-88.2952,,12.6000,0.8420,-67,-1963.0000,0.0000,-67,-1963.0000,-133.4355
,12.6667,16.9284,-66,-1934.0000,0.0001,-66,-1934.0000,-85.3765,,12.6667,0.8464,-66,-1934.0000,0.0000,-66,-1934.0000,-133.2053
,12.7333,17.0165,-65,-1905.0000,0.0001,-65,-1905.0000,-82.7691,,12.7333,0.8508,-65,-1905.0000,0.0000,-65,-1905.0000,-132.9242
,12.8000,17.1036,-64,-1875.0000,0.0001,-64,-1875.0000,-80.3144,,12.8000,0.8552,-64,-1875.0000,0.0000,-64,-1875.0000,-132.7097
,12.8667,17.1896,-63,-1846.0000,0.0001,-63,-1846.0000,-77.8829,,12.8667,0.8595,-63,-1846.0000,0.0000,-63,-1846.0000,-132.4038
,12.9333,17.2745,-62,-1817.0000,0.0002,-62,-1817.0000,-75.3895,,12.9333,0.8637,-62,-1817.0000,0.0000,-62,-1817.0000,-132.0779
,13.0000,0.0000,-61,-1788.0000,0.0002,-61,-1788.0000,-72.7552,,13.0000,0.8679,-61,-1788.0000,0.0000,-61,-1788.0000,-131.8147
,13.0667,0.0000,-60,-1758.0000,0.0003,-60,-1758.0000,-69.8992,,13.0667,0.8721,-60,-1758.0000,0.0000,-60,-1758.0000,-131.5059
,13.1333,0.0000,-59,-1729.0000,0.0005,-59,-1729.0000,-66.7372,,13.1333,0.8761,-59,-1729.0000,0.0000,-59,-1729.0000,-131.1814
,13.2000,0.0000,-58,-1700.0000,0.0007,-58,-1700.0000,-63.1551,,13.2000,0.8802,-58,-1700.0000,0.0000,-58,-1700.0000,-130.9025
,13.2667,0.0000,-57,-1670.0000,0.0011,-57,-1670.0000,-58.9930,,13.2667,0.8841,-57,-1670.0000,0.0000,-57,-1670.0000,-130.5848
,13.3333,0.0000,-56,-1641.0000,0.0020,-56,-1641.0000,-54.0043,,13.3333,0.8880,-56,-1641.0000,0.0000,-56,-1641.0000,-130.3187
,13.4000,0.0000,-55,-1612.0000,0.0041,-55,-1612.0000,-47.7492,,13.4000,0.8919,-55,-1612.0000,0.0000,-55,-1612.0000,-129.9584
,13.4667,0.0000,-54,-1583.0000,0.0108,-54,-1583.0000,-39.3009,,13.4667,0.8957,-54,-1583.0000,0.0000,-54,-1583.0000,-129.6018
,13.5333,0.0000,-53,-1553.0000,0.0511,-53,-1553.0000,-25.8305,,13.5333,0.8994,-53,-1553.0000,0.0000,-53,-1553.0000,-129.2905
,13.6000,0.0000,-52,-1524.0000,0.7006,-52,-1524.0000,-3.0903,,13.6000,0.9031,-52,-1524.0000,0.0000,-52,-1524.0000,-128.9923
,13.6667,0.0000,-51,-1495.0000,1.0492,-51,-1495.0000,0.4172,,13.6667,0.9067,-51,-1495.0000,0.0000,-51,-1495.0000,-128.6460
,13.7333,0.0000,-50,-1465.0000,0.3832,-50,-1465.0000,-8.3306,,13.7333,0.9102,-50,-1465.0000,0.0000,-50,-1465.0000,-128.2603
,13.8000,0.0000,-49,-1436.0000,0.0235,-49,-1436.0000,-32.5603,,13.8000,0.9137,-49,-1436.0000,0.0000,-49,-1436.0000,-127.9169
,13.8667,0.0000,-48,-1407.0000,0.0067,-48,-1407.0000,-43.5338,,13.8667,0.9171,-48,-1407.0000,0.0000,-48,-1407.0000,-127.5832
,13.9333,0.0000,-47,-1377.0000,0.0028,-47,-1377.0000,-51.1087,,13.9333,0.9205,-47,-1377.0000,0.0000,-47,-1377.0000,-127.1915
,14.0000,18.4754,-46,-1348.0000,0.0014,-46,-1348.0000,-56.9794,,14.0000,0.9238,-46,-1348.0000,0.0000,-46,-1348.0000,-126.7919
,14.0667,18.5400,-45,-1319.0000,0.0008,-45,-1319.0000,-61.8222,,14.0667,0.9270,-45,-1319.0000,0.0000,-45,-1319.0000,-126.4062
,14.1333,18.6033,-44,-1290.0000,0.0005,-44,-1290.0000,-65.9921,,14.1333,0.9302,-44,-1290.0000,0.0000,-44,-1290.0000,-126.0384
,14.2000,18.6654,-43,-1260.0000,0.0003,-43,-1260.0000,-69.7089,,14.2000,0.9333,-43,-1260.0000,0.0000,-43,-1260.0000,-125.5847
,14.2667,18.7261,-42,-1231.0000,0.0002,-42,-1231.0000,-73.1365,,14.2667,0.9363,-42,-1231.0000,0.0000,-42,-1231.0000,-125.2123
,14.3333,18.7855,-41,-1202.0000,0.0002,-41,-1202.0000,-76.4135,,14.3333,0.9393,-41,-1202.0000,0.0000,-41,-1202.0000,-124.7659
,14.4000,18.8435,-40,-1172.0000,0.0001,-40,-1172.0000,-79.6906,,14.4000,0.9422,-40,-1172.0000,0.0000,-40,-1172.0000,-124.3441
,14.4667,18.9003,-39,-1143.0000,0.0001,-39,-1143.0000,-83.1668,,14.4667,0.9450,-39,-1143.0000,0.0000,-39,-1143.0000,-123.8804
,14.5333,18.9557,-38,-1114.0000,0.0000,-38,-1114.0000,-87.1564,,14.5333,0.9478,-38,-1114.0000,0.0000,-38,-1114.0000,-123.4059
,14.6000,19.0097,-37,-1084.0000,0.0000,-37,-1084.0000,-92.1896,,14.6000,0.9505,-37,-1084.0000,0.0000,-37,-1084.0000,-122.9751
,14.6667,19.0624,-36,-1055.0000,0.0000,-36,-1055.0000,-96.8653,,14.6667,0.9531,-36,-1055.0000,0.0000,-36,-1055.0000,-122.4640
,14.7333,19.1137,-35,-1026.0000,0.0000,-35,-1026.0000,-93.6476,,14.7333,0.9557,-35,-1026.0000,0.0000,-35,-1026.0000,-122.0010
,14.8000,19.1636,-34,-997.0000,0.0000,-34,-997.0000,-89.1614,,14.8000,0.9582,-34,-997.0000,0.0000,-34,-997.0000,-121.4817
,14.8667,19.2121,-33,-967.0000,0.0001,-33,-967.0000,-85.8059,,14.8667,0.9606,-33,-967.0000,0.0000,-33,-967.0000,-120.9571
,14.9333,19.2592,-32,-938.0000,0.0001,-32,-938.0000,-83.0969,,14.9333,0.9630,-32,-938.0000,0.0000,-32,-938.0000,-120.4373
,15.0000,0.0000,-31,-909.0000,0.0001,-31,-909.0000,-80.6824,,15.0000,0.9652,-31,-909.0000,0.0000,-31,-909.0000,-119.8600
,15.0667,0.0000,-30,-879.0000,0.0001,-30,-879.0000,-78.4035,,15.0667,0.9675,-30,-879.0000,0.0000,-30,-879.0000,-119.3282
,15.1333,0.0000,-29,-850.0000,0.0002,-29,-850.0000,-76.1292,,15.1333,0.9696,-29,-850.0000,0.0000,-29,-850.0000,-118.7134
,15.2000,0.0000,-28,-821.0000,0.0002,-28,-821.0000,-73.7862,,15.2000,0.9717,-28,-821.0000,0.0000,-28,-821.0000,-118.1067
,15.2667,0.0000,-27,-792.0000,0.0003,-27,-792.0000,-71.3041,,15.2667,0.9737,-27,-792.0000,0.0000,-27,-792.0000,-117.4528
,15.3333,0.0000,-26,-762.0000,0.0004,-26,-762.0000,-68.6064,,15.3333,0.9756,-26,-762.0000,0.0000,-26,-762.0000,-116.8060
,15.4000,0.0000,-25,-733.0000,0.0005,-25,-733.0000,-65.6146,,15.4000,0.9775,-25,-733.0000,0.0000,-25,-733.0000,-116.0820
,15.4667,0.0000,-24,-704.0000,0.0008,-24,-704.0000,-62.2217,,15.4667,0.9793,-24,-704.0000,0.0000,-24,-704.0000,-115.4123
,15.5333,0.0000,-23,-674.0000,0.0012,-23,-674.0000,-58.2792,,15.5333,0.9810,-23,-674.0000,0.0000,-23,-674.0000,-114.6737
,15.6000,0.0000,-22,-645.0000,0.0021,-22,-645.0000,-53.5564,,15.6000,0.9826,-22,-645.0000,0.0000,-22,-645.0000,-113.8783
,15.6667,0.0000,-21,-616.0000,0.0041,-21,-616.0000,-47.6518,,15.6667,0.9842,-21,-616.0000,0.0000,-21,-616.0000,-113.0641
,15.7333,0.0000,-20,-586.0000,0.0103,-20,-586.0000,-39.7378,,15.7333,0.9857,-20,-586.0000,0.0000,-20,-586.0000,-112.2075
,15.8000,0.0000,-19,-557.0000,0.0423,-19,-557.0000,-27.4688,,15.8000,0.9871,-19,-557.0000,0.0000,-19,-557.0000,-111.3273
,15.8667,0.0000,-18,-528.0000,1.7553,-18,-528.0000,4.8871,,15.8667,0.9885,-18,-528.0000,0.0000,-18,-528.0000,-110.3838
,15.9333,0.0000,-17,-499.0000,3.1736,-17,-499.0000,10.0311,,15.9333,0.9897,-17,-499.0000,0.0000,-17,-499.0000,-109.3767
,16.0000,19.8189,-16,-469.0000,1.4381,-16,-469.0000,3.1560,,16.0000,0.9909,-16,-469.0000,0.0000,-16,-469.0000,-108.3133
,16.0667,19.8415,-15,-440.0000,0.0295,-15,-440.0000,-30.6045,,16.0667,0.9921,-15,-440.0000,0.0000,-15,-440.0000,-107.1872
,16.1333,19.8625,-14,-411.0000,0.0075,-14,-411.0000,-42.5146,,16.1333,0.9931,-14,-411.0000,0.0000,-14,-411.0000,-105.9799
,16.2000,19.8821,-13,-381.0000,0.0029,-13,-381.0000,-50.6068,,16.2000,0.9941,-13,-381.0000,0.0000,-13,-381.0000,-104.6871
,16.2667,19.9002,-12,-352.0000,0.0014,-12,-352.0000,-56.8660,,16.2667,0.9950,-12,-352.0000,0.0000,-12,-352.0000,-103.2875
,16.3333,19.9168,-11,-323.0000,0.0008,-11,-323.0000,-62.0361,,16.3333,0.9958,-11,-323.0000,0.0000,-11,-323.0000,-101.7619
,16.4000,19.9319,-10,-293.0000,0.0005,-10,-293.0000,-66.4552,,16.4000,0.9966,-10,-293.0000,0.0000,-10,-293.0000,-100.0890
,16.4667,19.9454,-9,-264.0000,0.0003,-9,-264.0000,-70.1617,,16.4667,0.9973,-9,-264.0000,0.0000,-9,-264.0000,-98.2331
,16.5333,19.9575,-8,-235.0000,0.0002,-8,-235.0000,-72.6870,,16.5333,0.9979,-8,-235.0000,0.0000,-8,-235.0000,-96.1617
,16.6000,19.9681,-7,-206.0000,0.0002,-7,-206.0000,-73.0774,,16.6000,0.9984,-7,-206.0000,0.0000,-7,-206.0000,-93.8010
,16.6667,19.9771,-6,-176.0000,0.0003,-6,-176.0000,-71.2466,,16.6667,0.9989,-6,-176.0000,0.0000,-6,-176.0000,-91.0559
,16.7333,19.9847,-5,-147.0000,0.0004,-5,-147.0000,-68.0549,,16.7333,0.9992,-5,-147.0000,0.0000,-5,-147.0000,-87.7741
,16.8000,19.9907,-4,-118.0000,0.0006,-4,-118.0000,-63.8764,,16.8000,0.9995,-4,-118.0000,0.0001,-4,-118.0000,-83.6920
,16.8667,19.9953,-3,-88.0000,0.0012,-3,-88.0000,-58.3199,,16.8667,0.9998,-3,-88.0000,0.0001,-3,-88.0000,-78.2288
,16.9333,19.9983,-2,-59.0000,0.0033,-2,-59.0000,-49.7335,,16.9333,0.9999,-2,-59.0000,0.0003,-2,-59.0000,-69.7035
,17.0000,0.0000,-1,-30.0000,2.5024,-1,-30.0000,7.9673,,17.0000,1.0000,-1,-30.0000,0.2502,-1,-30.0000,-12.0328
,17.0667,0.0000,0,0.0000,4.9902,0,0.0000,13.9624,,17.0667,1.0000,0,0.0000,0.4990,0,0.0000,-6.0376
,17.1333,0.0000,1,29.0000,2.5024,1,29.0000,7.9673,,17.1333,0.9999,1,29.0000,0.2502,1,29.0000,-12.0328
,17.2000,0.0000,2,58.0000,0.0033,2,58.0000,-49.7335,,17.2000,0.9998,2,58.0000,0.0003,2,58.0000,-69.7035
,17.2667,0.0000,3,87.0000,0.0012,3,87.0000,-58.3199,,17.2667,0.9995,3,87.0000,0.0001,3,87.0000,-78.2288
,17.3333,0.0000,4,117.0000,0.0006,4,117.0000,-63.8764,,17.3333,0.9992,4,117.0000,0.0001,4,117.0000,-83.6920
,17.4000,0.0000,5,146.0000,0.0004,5,146.0000,-68.0549,,17.4000,0.9989,5,146.0000,0.0000,5,146.0000,-87.7741
,17.4667,0.0000,6,175.0000,0.0003,6,175.0000,-71.2466,,17.4667,0.9984,6,175.0000,0.0000,6,175.0000,-91.0559
,17.5333,0.0000,7,205.0000,0.0002,7,205.0000,-73.0774,,17.5333,0.9979,7,205.0000,0.0000,7,205.0000,-93.8010
,17.6000,0.0000,8,234.0000,0.0002,8,234.0000,-72.6870,,17.6000,0.9973,8,234.0000,0.0000,8,234.0000,-96.1617
,17.6667,0.0000,9,263.0000,0.0003,9,263.0000,-70.1617,,17.6667,0.9966,9,263.0000,0.0000,9,263.0000,-98.2331
,17.7333,0.0000,10,292.0000,0.0005,10,292.0000,-66.4552,,17.7333,0.9958,10,292.0000,0.0000,10,292.0000,-100.0890
,17.8000,0.0000,11,322.0000,0.0008,11,322.0000,-62.0361,,17.8000,0.9950,11,322.0000,0.0000,11,322.0000,-101.7619
,17.8667,0.0000,12,351.0000,0.0014,12,351.0000,-56.8660,,17.8667,0.9941,12,351.0000,0.0000,12,351.0000,-103.2875
,17.9333,0.0000,13,380.0000,0.0029,13,380.0000,-50.6068,,17.9333,0.9931,13,380.0000,0.0000,13,380.0000,-104.6871
,18.0000,19.8415,14,410.0000,0.0075,14,410.0000,-42.5146,,18.0000,0.9921,14,410.0000,0.0000,14,410.0000,-105.9799
,18.0667,19.8189,15,439.0000,0.0295,15,439.0000,-30.6045,,18.0667,0.9909,15,439.0000,0.0000,15,439.0000,-107.1872
,18.1333,19.7949,16,468.0000,1.4381,16,468.0000,3.1560,,18.1333,0.9897,16,468.0000,0.0000,16,468.0000,-108.3133
,18.2000,19.7694,17,498.0000,3.1736,17,498.0000,10.0311,,18.2000,0.9885,17,498.0000,0.0000,17,498.0000,-109.3767
,18.2667,19.7424,18,527.0000,1.7553,18,527.0000,4.8871,,18.2667,0.9871,18,527.0000,0.0000,18,527.0000,-110.3838
,18.3333,19.7139,19,556.0000,0.0423,19,556.0000,-27.4688,,18.3333,0.9857,19,556.0000,0.0000,19,556.0000,-111.3273
,18.4000,19.6840,20,585.0000,0.0103,20,585.0000,-39.7378,,18.4000,0.9842,20,585.0000,0.0000,20,585.0000,-112.2075
,18.4667,19.6526,21,615.0000,0.0041,21,615.0000,-47.6518,,18.4667,0.9826,21,615.0000,0.0000,21,615.0000,-113.0641
,18.5333,19.6197,22,644.0000,0.0021,22,644.0000,-53.5564,,18.5333,0.9810,22,644.0000,0.0000,22,644.0000,-113.8783
,18.6000,19.5854,23,673.0000,0.0012,23,673.0000,-58.2792,,18.6000,0.9793,23,673.0000,0.0000,23,673.0000,-114.6737
,18.6667,19.5497,24,703.0000,0.0008,24,703.0000,-62.2217,,18.6667,0.9775,24,703.0000,0.0000,24,703.0000,-115.4123
,18.7333,19.5125,25,732.0000,0.0005,25,732.0000,-65.6146,,18.7333,0.9756,25,732.0000,0.0000,25,732.0000,-116.0820
,18.8000,19.4738,26,761.0000,0.0004,26,761.0000,-68.6064,,18.8000,0.9737,26,761.0000,0.0000,26,761.0000,-116.8060
,18.8667,19.4337,27,791.0000,0.0003,27,791.0000,-71.3041,,18.8667,0.9717,27,791.0000,0.0000,27,791.0000,-117.4528
,18.9333,19.3922,28,820.0000,0.0002,28,820.0000,-73.7862,,18.9333,0.9696,28,820.0000,0.0000,28,820.0000,-118.1067
,19.0000,0.0000,29,849.0000,0.0002,29,849.0000,-76.1292,,19.0000,0.9675,29,849.0000,0.0000,29,849.0000,-118.7134
,19.0667,0.0000,30,878.0000,0.0001,30,878.0000,-78.4035,,19.0667,0.9652,30,878.0000,0.0000,30,878.0000,-119.3282
,19.1333,0.0000,31,908.0000,0.0001,31,908.0000,-80.6824,,19.1333,0.9630,31,908.0000,0.0000,31,908.0000,-119.8600
,19.2000,0.0000,32,937.0000,0.0001,32,937.0000,-83.0969,,19.2000,0.9606,32,937.0000,0.0000,32,937.0000,-120.4373
,19.2667,0.0000,33,966.0000,0.0001,33,966.0000,-85.8059,,19.2667,0.9582,33,966.0000,0.0000,33,966.0000,-120.9571
,19.3333,0.0000,34,996.0000,0.0000,34,996.0000,-89.1614,,19.3333,0.9557,34,996.0000,0.0000,34,996.0000,-121.4817
,19.4000,0.0000,35,1025.0000,0.0000,35,1025.0000,-93.6476,,19.4000,0.9531,35,1025.0000,0.0000,35,1025.0000,-122.0010
,19.4667,0.0000,36,1054.0000,0.0000,36,1054.0000,-96.8653,,19.4667,0.9505,36,1054.0000,0.0000,36,1054.0000,-122.4640
,19.5333,0.0000,37,1083.0000,0.0000,37,1083.0000,-92.1896,,19.5333,0.9478,37,1083.0000,0.0000,37,1083.0000,-122.9751
,19.6000,0.0000,38,1113.0000,0.0000,38,1113.0000,-87.1564,,19.6000,0.9450,38,1113.0000,0.0000,38,1113.0000,-123.4059
,19.6667,0.0000,39,1142.0000,0.0001,39,1142.0000,-83.1668,,19.6667,0.9422,39,1142.0000,0.0000,39,1142.0000,-123.8804
,19.7333,0.0000,40,1171.0000,0.0001,40,1171.0000,-79.6906,,19.7333,0.9393,40,1171.0000,0.0000,40,1171.0000,-124.3441
,19.8000,0.0000,41,1201.0000,0.0002,41,1201.0000,-76.4135,,19.8000,0.9363,41,1201.0000,0.0000,41,1201.0000,-124.7659
,19.8667,0.0000,42,1230.0000,0.0002,42,1230.0000,-73.1365,,19.8667,0.9333,42,1230.0000,0.0000,42,1230.0000,-125.2123
,19.9333,0.0000,43,1259.0000,0.0003,43,1259.0000,-69.7089,,19.9333,0.9302,43,1259.0000,0.0000,43,1259.0000,-125.5847
,20.0000,18.5400,44,1289.0000,0.0005,44,1289.0000,-65.9921,,20.0000,0.9270,44,1289.0000,0.0000,44,1289.0000,-126.0384
,20.0667,18.4754,45,1318.0000,0.0008,45,1318.0000,-61.8222,,20.0667,0.9238,45,1318.0000,0.0000,45,1318.0000,-126.4062
,20.1333,18.4095,46,1347.0000,0.0014,46,1347.0000,-56.9794,,20.1333,0.9205,46,1347.0000,0.0000,46,1347.0000,-126.7919
,20.2000,18.3423,47,1376.0000,0.0028,47,1376.0000,-51.1087,,20.2000,0.9171,47,1376.0000,0.0000,47,1376.0000,-127.1915
,20.2667,18.2739,48,1406.0000,0.0067,48,1406.0000,-43.5338,,20.2667,0.9137,48,1406.0000,0.0000,48,1406.0000,-127.5832
,20.3333,18.2042,49,1435.0000,0.0235,49,1435.0000,-32.5603,,20.3333,0.9102,49,1435.0000,0.0000,49,1435.0000,-127.9169
,20.4000,18.1333,50,1464.0000,0.3832,50,1464.0000,-8.3306,,20.4000,0.9067,50,1464.0000,0.0000,50,1464.0000,-128.2603
,20.4667,18.0612,51,1494.0000,1.0492,51,1494.0000,0.4172,,20.4667,0.9031,51,1494.0000,0.0000,51,1494.0000,-128.6460
,20.5333,17.9878,52,1523.0000,0.7006,52,1523.0000,-3.0903,,20.5333,0.8994,52,1523.0000,0.0000,52,1523.0000,-128.9923
,20.6000,17.9132,53,1552.0000,0.0511,53,1552.0000,-25.8305,,20.6000,0.8957,53,1552.0000,0.0000,53,1552.0000,-129.2905
,20.6667,17.8374,54,1582.0000,0.0108,54,1582.0000,-39.3009,,20.6667,0.8919,54,1582.0000,0.0000,54,1582.0000,-129.6018
,20.7333,17.7605,55,1611.0000,0.0041,55,1611.0000,-47.7492,,20.7333,0.8880,55,1611.0000,0.0000,55,1611.0000,-129.9584
,20.8000,17.6824,56,1640.0000,0.0020,56,1640.0000,-54.0043,,20.8000,0.8841,56,1640.0000,0.0000,56,1640.0000,-130.3187
,20.8667,17.6031,57,1669.0000,0.0011,57,1669.0000,-58.9930,,20.8667,0.8802,57,1669.0000,0.0000,57,1669.0000,-130.5848
,20.9333,17.5226,58,1699.0000,0.0007,58,1699.0000,-63.1551,,20.9333,0.8761,58,1699.0000,0.0000,58,1699.0000,-130.9025
,21.0000,0.0000,59,1728.0000,0.0005,59,1728.0000,-66.7372,,21.0000,0.8721,59,1728.0000,0.0000,59,1728.0000,-131.1814
,21.0667,0.0000,60,1757.0000,0.0003,60,1757.0000,-69.8992,,21.0667,0.8679,60,1757.0000,0.0000,60,1757.0000,-131.5059
,21.1333,0.0000,61,1787.0000,0.0002,61,1787.0000,-72.7552,,21.1333,0.8637,61,1787.0000,0.0000,61,1787.0000,-131.8147
,21.2000,0.0000,62,1816.0000,0.0002,62,1816.0000,-75.3895,,21.2000,0.8595,62,1816.0000,0.0000,62,1816.0000,-132.0779
,21.2667,0.0000,63,1845.0000,0.0001,63,1845.0000,-77.8829,,21.2667,0.8552,63,1845.0000,0.0000,63,1845.0000,-132.4038
,21.3333,0.0000,64,1875.0000,0.0001,64,1875.0000,-80.3144,,21.3333,0.8508,64,1875.0000,0.0000,64,1875.0000,-132.7097
,21.4000,0.0000,65,1904.0000,0.0001,65,1904.0000,-82.7691,,21.4000,0.8464,65,1904.0000,0.0000,65,1904.0000,-132.9242
,21.4667,0.0000,66,1933.0000,0.0001,66,1933.0000,-85.3765,,21.4667,0.8420,66,1933.0000,0.0000,66,1933.0000,-133.2053
,21.5333,0.0000,67,1962.0000,0.0000,67,1962.0000,-88.2952,,21.5333,0.8374,67,1962.0000,0.0000,67,1962.0000,-133.4355
,21.6000,0.0000,68,1992.0000,0.0000,68,1992.0000,-91.6433,,21.6000,0.8329,68,1992.0000,0.0000,68,1992.0000,-133.7197
,21.6667,0.0000,69,2021.0000,0.0000,69,2021.0000,-94.5347,,21.6667,0.8283,69,2021.0000,0.0000,69,2021.0000,-133.9888
,21.7333,0.0000,70,2050.0000,0.0000,70,2050.0000,-93.4833,,21.7333,0.8236,70,2050.0000,0.0000,70,2050.0000,-134.2751
,21.8000,0.0000,71,2080.0000,0.0000,71,2080.0000,-89.7110,,21.8000,0.8189,71,2080.0000,0.0000,71,2080.0000,-134.4936
,21.8667,0.0000,72,2109.0000,0.0000,72,2109.0000,-86.0655,,21.8667,0.8141,72,2109.0000,0.0000,72,2109.0000,-134.8369
,21.9333,0.0000,73,2138.0000,0.0001,73,2138.0000,-82.8160,,21.9333,0.8093,73,2138.0000,0.0000,73,2138.0000,-135.0237
,22.0000,16.0896,74,2167.0000,0.0001,74,2167.0000,-79.7757,,22.0000,0.8045,74,2167.0000,0.0000,74,2167.0000,-135.2701
,22.0667,15.9917,75,2197.0000,0.0001,75,2197.0000,-76.7871,,22.0667,0.7996,75,2197.0000,0.0000,75,2197.0000,-135.5032
,22.1333,15.8928,76,2226.0000,0.0002,76,2226.0000,-73.7238,,22.1333,0.7946,76,2226.0000,0.0000,76,2226.0000,-135.7425
,22.2000,15.7930,77,2255.0000,0.0003,77,2255.0000,-70.4681,,22.2000,0.7896,77,2255.0000,0.0000,77,2255.0000,-135.9337
,22.2667,15.6923,78,2285.0000,0.0005,78,2285.0000,-66.9070,,22.2667,0.7846,78,2285.0000,0.0000,78,2285.0000,-136.2462
,22.3333,15.5908,79,2314.0000,0.0007,79,2314.0000,-62.8938,,22.3333,0.7795,79,2314.0000,0.0000,79,2314.0000,-136.4746
,22.4000,15.4884,80,2343.0000,0.0012,80,2343.0000,-58.2269,,22.4000,0.7744,80,2343.0000,0.0000,80,2343.0000,-136.7674
,22.4667,15.3852,81,2373.0000,0.0023,81,2373.0000,-52.5815,,22.4667,0.7693,81,2373.0000,0.0000,81,2373.0000,-136.8746
,22.5333,15.2812,82,2402.0000,0.0054,82,2402.0000,-45.3475,,22.5333,0.7641,82,2402.0000,0.0000,82,2402.0000,-137.1644
,22.6000,15.1764,83,2431.0000,0.0177,83,2431.0000,-35.0647,,22.6000,0.7588,83,2431.0000,0.0000,83,2431.0000,-137.4133
,22.6667,15.0708,84,2460.0000,0.1780,84,2460.0000,-14.9940,,22.6667,0.7535,84,2460.0000,0.0000,84,2460.0000,-137.5485
,22.7333,14.9645,85,2490.0000,0.6192,85,2490.0000,-4.1632,,22.7333,0.7482,85,2490.0000,0.0000,85,2490.0000,-137.8005
,22.8000,14.8574,86,2519.0000,0.4958,86,2519.0000,-6.0937,,22.8000,0.7429,86,2519.0000,0.0000,86,2519.0000,-138.0509
,22.8667,14.7495,87,2548.0000,0.0628,87,2548.0000,-24.0445,,22.8667,0.7375,87,2548.0000,0.0000,87,2548.0000,-138.1780
,22.9333,14.6409,88,2578.0000,0.0114,88,2578.0000,-38.8344,,22.9333,0.7320,88,2578.0000,0.0000,88,2578.0000,-138.3877
,23.0000,0.0000,89,2607.0000,0.0041,89,2607.0000,-47.7500,,23.0000,0.7266,89,2607.0000,0.0000,89,2607.0000,-138.5800
,23.0667,0.0000,90,2636.0000,0.0019,90,2636.0000,-54.2707,,23.0667,0.7211,90,2636.0000,0.0000,90,2636.0000,-138.8167
,23.1333,0.0000,91,2666.0000,0.0011,91,2666.0000,-59.4423,,23.1333,0.7156,91,2666.0000,0.0000,91,2666.0000,-139.1724
,23.2000,0.0000,92,2695.0000,0.0006,92,2695.0000,-63.7440,,23.2000,0.7100,92,2695.0000,0.0000,92,2695.0000,-139.3931
,23.2667,0.0000,93,2724.0000,0.0004,93,2724.0000,-67.4417,,23.2667,0.7044,93,2724.0000,0.0000,93,2724.0000,-139.4746
,23.3333,0.0000,94,2753.0000,0.0003,94,2753.0000,-70.7027,,23.3333,0.6988,94,2753.0000,0.0000,94,2753.0000,-139.6832
,23.4000,0.0000,95,2783.0000,0.0002,95,2783.0000,-73.6470,,23.4000,0.6931,95,2783.0000,0.0000,95,2783.0000,-139.7579
,23.4667,0.0000,96,2812.0000,0.0002,96,2812.0000,-76.3643,,23.4667,0.6874,96,2812.0000,0.0000,96,2812.0000,-140.1497
,23.5333,0.0000,97,2841.0000,0.0001,97,2841.0000,-78.9355,,23.5333,0.6817,97,2841.0000,0.0000,97,2841.0000,-140.2380
,23.6000,0.0000,98,2871.0000,0.0001,98,2871.0000,-81.4395,,23.6000,0.6760,98,2871.0000,0.0000,98,2871.0000,-140.3989
,23.6667,0.0000,99,2900.0000,0.0001,99,2900.0000,-83.9699,,23.6667,0.6702,99,2900.0000,0.0000,99,2900.0000,-140.6711
,23.7333,0.0000,100,2929.0000,0.0000,100,2929.0000,-86.6437,,23.7333,0.6644,100,2929.0000,0.0000,100,2929.0000,-140.8998
,23.8000,0.0000,101,2958.0000,0.0000,101,2958.0000,-89.6044,,23.8000,0.6586,101,2958.0000,0.0000,101,2958.0000,-141.0891
,23.8667,0.0000,102,2988.0000,0.0000,102,2988.0000,-92.8571,,23.8667,0.6528,102,2988.0000,0.0000,102,2988.0000,-141.2939
,23.9333,0.0000,103,3017.0000,0.0000,103,3017.0000,-95.2875,,23.9333,0.6469,103,3017.0000,0.0000,103,3017.0000,-141.2958
,24.0000,12.8200,104,3046.0000,0.0000,104,3046.0000,-93.9304,,24.0000,0.6410,104,3046.0000,0.0000,104,3046.0000,-141.6543
,24.0667,12.7018,105,3076.0000,0.0000,105,3076.0000,-90.4363,,24.0667,0.6351,105,3076.0000,0.0000,105,3076.0000,-141.7287
,24.1333,12.5832,106,3105.0000,0.0000,106,3105.0000,-87.0252,,24.1333,0.6292,106,3105.0000,0.0000,106,3105.0000,-142.0507
,24.2000,12.4643,107,3134.0000,0.0001,107,3134.0000,-83.9348,,24.2000,0.6232,107,3134.0000,0.0000,107,3134.0000,-142.1487
,24.2667,12.3449,108,3164.0000,0.0001,108,3164.0000,-81.0066,,24.2667,0.6172,108,3164.0000,0.0000,108,3164.0000,-142.1873
,24.3333,12.2252,109,3193.0000,0.0001,109,3193.0000,-78.1169,,24.3333,0.6113,109,3193.0000,0.0000,109,3193.0000,-142.4371
,24.4000,12.1052,110,3222.0000,0.0002,110,3222.0000,-75.1422,,24.4000,0.6053,110,3222.0000,0.0000,110,3222.0000,-142.6254
,24.4667,11.9848,111,3251.0000,0.0003,111,3251.0000,-71.9754,,24.4667,0.5992,111,3251.0000,0.0000,111,3251.0000,-142.9136
,24.5333,11.8641,112,3281.0000,0.0004,112,3281.0000,-68.5089,,24.5333,0.5932,112,3281.0000,0.0000,112,3281.0000,-142.8825
,24.6000,11.7432,113,3310.0000,0.0006,113,3310.0000,-64.6058,,24.6000,0.5872,113,3310.0000,0.0000,113,3310.0000,-143.2996
,24.6667,11.6220,114,3339.0000,0.0010,114,3339.0000,-60.0759,,24.6667,0.5811,114,3339.0000,0.0000,114,3339.0000,-143.3190
,24.7333,11.5006,115,3369.0000,0.0019,115,3369.0000,-54.6182,,24.7333,0.5750,115,3369.0000,0.0000,115,3369.0000,-143.4929
,24.8000,11.3789,116,3398.0000,0.0041,116,3398.0000,-47.6794,,24.8000,0.5689,116,3398.0000,0.0000,116,3398.0000,-143.7532
,24.8667,11.2570,117,3427.0000,0.0126,117,3427.0000,-37.9879,,24.8667,0.5628,117,3427.0000,0.0000,117,3427.0000,-143.8034
,24.9333,11.1349,118,3457.0000,0.0940,118,3457.0000,-20.5377,,24.9333,0.5567,118,3457.0000,0.0000,118,3457.0000,-143.8269
,25.0000,0.0000,119,3486.0000,0.4314,119,3486.0000,-7.3021,,25.0000,0.5506,119,3486.0000,0.0000,119,3486.0000,-144.1631
,25.0667,0.0000,120,3515.0000,0.4127,120,3515.0000,-7.6868,,25.0667,0.5445,120,3515.0000,0.0000,120,3515.0000,-144.1808
,25.1333,0.0000,121,3544.0000,0.0767,121,3544.0000,-22.3023,,25.1333,0.5384,121,3544.0000,0.0000,121,3544.0000,-144.4594
,25.2000,0.0000,122,3574.0000,0.0116,122,3574.0000,-38.7394,,25.2000,0.5323,122,3574.0000,0.0000,122,3574.0000,-144.7757
,25.2667,0.0000,123,3603.0000,0.0039,123,3603.0000,-48.1538,,25.2667,0.5261,123,3603.0000,0.0000,123,3603.0000,-144.7613
,25.3333,0.0000,124,3632.0000,0.0018,124,3632.0000,-54.9390,,25.3333,0.5200,124,3632.0000,0.0000,124,3632.0000,-144.8993
,25.4000,0.0000,125,3662.0000,0.0010,125,3662.0000,-60.2832,,25.4000,0.5138,125,3662.0000,0.0000,125,3662.0000,-145.1676
,25.4667,0.0000,126,3691.0000,0.0006,126,3691.0000,-64.7104,,25.4667,0.5077,126,3691.0000,0.0000,126,3691.0000,-145.2890
,25.5333,0.0000,127,3720.0000,0.0004,127,3720.0000,-68.5055,,25.5333,0.5015,127,3720.0000,0.0000,127,3720.0000,-145.6354
,25.6000,0.0000,128,3750.0000,0.0003,128,3750.0000,-71.8484,,25.6000,0.4954,128,3750.0000,0.0000,128,3750.0000,-145.6001
,25.6667,0.0000,129,3779.0000,0.0002,129,3779.0000,-74.8591,,25.6667,0.4892,129,3779.0000,0.0000,129,3779.0000,-145.8029
,25.7333,0.0000,130,3808.0000,0.0001,130,3808.0000,-77.6333,,25.7333,0.4831,130,3808.0000,0.0000,130,3808.0000,-146.0168
,25.8000,0.0000,131,3837.0000,0.0001,131,3837.0000,-80.2557,,25.8000,0.4770,131,3837.0000,0.0000,131,3837.0000,-146.2105
,25.8667,0.0000,132,3867.0000,0.0001,132,3867.0000,-82.8007,,25.8667,0.4708,132,3867.0000,0.0000,132,3867.0000,-146.3105
,25.9333,0.0000,133,3896.0000,0.0001,133,3896.0000,-85.3588,,25.9333,0.4647,133,3896.0000,0.0000,133,3896.0000,-146.1750
,26.0000,9.1710,134,3925.0000,0.0000,134,3925.0000,-88.0380,,26.0000,0.4585,134,3925.0000,0.0000,134,3925.0000,-146.4994
,26.0667,9.0485,135,3955.0000,0.0000,135,3955.0000,-90.9913,,26.0667,0.4524,135,3955.0000,0.0000,135,3955.0000,-146.6298
,26.1333,8.9262,136,3984.0000,0.0000,136,3984.0000,-94.2315,,26.1333,0.4463,136,3984.0000,0.0000,136,3984.0000,-147.0639
,26.2000,8.8040,137,4013.0000,0.0000,137,4013.0000,-96.7254,,26.2000,0.4402,137,4013.0000,0.0000,137,4013.0000,-146.6234
,26.2667,8.6820,138,4042.0000,0.0000,138,4042.0000,-95.7058,,26.2667,0.4341,138,4042.0000,0.0000,138,4042.0000,-147.2651
,26.3333,8.5603,139,4072.0000,0.0000,139,4072.0000,-92.3829,,26.3333,0.4280,139,4072.0000,0.0000,139,4072.0000,-147.2283
,26.4000,8.4387,140,4101.0000,0.0000,140,4101.0000,-89.0292,,26.4000,0.4219,140,4101.0000,0.0000,140,4101.0000,-147.9059
,26.4667,8.3174,141,4130.0000,0.0001,141,4130.0000,-85.9820,,26.4667,0.4159,141,4130.0000,0.0000,141,4130.0000,-147.6478
,26.5333,8.1963,142,4160.0000,0.0001,142,4160.0000,-83.0999,,26.5333,0.4098,142,4160.0000,0.0000,142,4160.0000,-147.8032
,26.6000,8.0755,143,4189.0000,0.0001,143,4189.0000,-80.2542,,26.6000,0.4038,143,4189.0000,0.0000,143,4189.0000,-147.9099
,26.6667,7.9550,144,4218.0000,0.0001,144,4218.0000,-77.3357,,26.6667,0.3977,144,4218.0000,0.0000,144,4218.0000,-148.1157
,26.7333,7.8348,145,4248.0000,0.0002,145,4248.0000,-74.2329,,26.7333,0.3917,145,4248.0000,0.0000,145,4248.0000,-148.4844
,26.8000,7.7149,146,4277.0000,0.0003,146,4277.0000,-70.8445,,26.8000,0.3857,146,4277.0000,0.0000,146,4277.0000,-148.4434
,26.8667,7.5954,147,4306.0000,0.0004,147,4306.0000,-67.0361,,26.8667,0.3798,147,4306.0000,0.0000,147,4306.0000,-148.5890
,26.9333,7.4762,148,4335.0000,0.0007,148,4335.0000,-62.6303,,26.9333,0.3738,148,4335.0000,0.0000,148,4335.0000,-148.3143
,27.0000,0.0000,149,4365.0000,0.0014,149,4365.0000,-57.3452,,27.0000,0.3679,149,4365.0000,0.0000,149,4365.0000,-148.7622
,27.0667,0.0000,150,4394.0000,0.0029,150,4394.0000,-50.6768,,27.0667,0.3620,150,4394.0000,0.0000,150,4394.0000,-148.9998
,27.1333,0.0000,151,4423.0000,0.0084,151,4423.0000,-41.5084,,27.1333,0.3561,151,4423.0000,0.0000,151,4423.0000,-149.4968
,27.2000,0.0000,152,4453.0000,0.0504,152,4453.0000,-25.9428,,27.2000,0.3502,152,4453.0000,0.0000,152,4453.0000,-149.0677
,27.2667,0.0000,153,4482.0000,0.3245,153,4482.0000,-9.7757,,27.2667,0.3443,153,4482.0000,0.0000,153,4482.0000,-149.3765
,27.3333,0.0000,154,4511.0000,0.3707,154,4511.0000,-8.6207,,27.3333,0.3385,154,4511.0000,0.0000,154,4511.0000,-149.5855
,27.4000,0.0000,155,4541.0000,0.0933,155,4541.0000,-20.6034,,27.4000,0.3327,155,4541.0000,0.0000,155,4541.0000,-149.8622
,27.4667,0.0000,156,4570.0000,0.0109,156,4570.0000,-39.2377,,27.4667,0.3269,156,4570.0000,0.0000,156,4570.0000,-149.9503
,27.5333,0.0000,157,4599.0000,0.0035,157,4599.0000,-49.2066,,27.5333,0.3212,157,4599.0000,0.0000,157,4599.0000,-150.0310
,27.6000,0.0000,158,4628.0000,0.0015,158,4628.0000,-56.2728,,27.6000,0.3154,158,4628.0000,0.0000,158,4628.0000,-150.1051
,27.6667,0.0000,159,4658.0000,0.0008,159,4658.0000,-61.7948,,27.6667,0.3097,159,4658.0000,0.0000,159,4658.0000,-150.3858
,27.7333,0.0000,160,4687.0000,0.0005,160,4687.0000,-66.3477,,27.7333,0.3041,160,4687.0000,0.0000,160,4687.0000,-150.5798
,27.8000,0.0000,161,4716.0000,0.0003,161,4716.0000,-70.2390,,27.8000,0.2984,161,4716.0000,0.0000,161,4716.0000,-150.2566
,27.8667,0.0000,162,4746.0000,0.0002,162,4746.0000,-73.6577,,27.8667,0.2928,162,4746.0000,0.0000,162,4746.0000,-151.4987
,27.9333,0.0000,163,4775.0000,0.0001,163,4775.0000,-76.7292,,27.9333,0.2872,163,4775.0000,0.0000,163,4775.0000,-150.6389
,28.0000,5.6335,164,4804.0000,0.0001,164,4804.0000,-79.5538,,28.0000,0.2817,164,4804.0000,0.0000,164,4804.0000,-151.2910
,28.0667,5.5232,165,4833.0000,0.0001,165,4833.0000,-82.2077,,28.0667,0.2762,165,4833.0000,0.0000,165,4833.0000,-151.4520
,28.1333,5.4136,166,4863.0000,0.0001,166,4863.0000,-84.7746,,28.1333,0.2707,166,4863.0000,0.0000,166,4863.0000,-151.2500
,28.2000,5.3047,167,4892.0000,0.0000,167,4892.0000,-87.3371,,28.2000,0.2652,167,4892.0000,0.0000,167,4892.0000,-151.7043
,28.2667,5.1965,168,4921.0000,0.0000,168,4921.0000,-89.9899,,28.2667,0.2598,168,4921.0000,0.0000,168,4921.0000,-151.1148
,28.3333,5.0890,169,4951.0000,0.0000,169,4951.0000,-92.8992,,28.3333,0.2544,169,4951.0000,0.0000,169,4951.0000,-152.5987
,28.4000,4.9823,170,4980.0000,0.0000,170,4980.0000,-96.0666,,28.4000,0.2491,170,4980.0000,0.0000,170,4980.0000,-152.0230
,28.4667,4.8763,171,5009.0000,0.0000,171,5009.0000,-98.8983,,28.4667,0.2438,171,5009.0000,0.0000,171,5009.0000,-152.5406
,28.5333,4.7711,172,5039.0000,0.0000,172,5039.0000,-98.7419,,28.5333,0.2386,172,5039.0000,0.0000,172,5039.0000,-152.3822
,28.6000,4.6667,173,5068.0000,0.0000,173,5068.0000,-95.6805,,28.6000,0.2333,173,5068.0000,0.0000,173,5068.0000,-152.4863
,28.6667,4.5631,174,5097.0000,0.0000,174,5097.0000,-92.3217,,28.6667,0.2282,174,5097.0000,0.0000,174,5097.0000,-152.9554
,28.7333,4.4603,175,5126.0000,0.0000,175,5126.0000,-89.2427,,28.7333,0.2230,175,5126.0000,0.0000,175,5126.0000,-152.4007
,28.8000,4.3583,176,5156.0000,0.0000,176,5156.0000,-86.3569,,28.8000,0.2179,176,5156.0000,0.0000,176,5156.0000,-153.2473
,28.8667,4.2572,177,5185.0000,0.0001,177,5185.0000,-83.5385,,28.8667,0.2129,177,5185.0000,0.0000,177,5185.0000,-153.0576
,28.9333,4.1570,178,5214.0000,0.0001,178,5214.0000,-80.6566,,28.9333,0.2079,178,5214.0000,0.0000,178,5214.0000,-153.3006
,29.0000,0.0000,179,5244.0000,0.0001,179,5244.0000,-77.6075,,29.0000,0.2029,179,5244.0000,0.0000,179,5244.0000,-153.3451
,29.0667,0.0000,180,5273.0000,0.0002,180,5273.0000,-74.2897,,29.0667,0.1980,180,5273.0000,0.0000,180,5273.0000,-153.0900
,29.1333,0.0000,181,5302.0000,0.0003,181,5302.0000,-70.5737,,29.1333,0.1931,181,5302.0000,0.0000,181,5302.0000,-153.9020
,29.2000,0.0000,182,5332.0000,0.0005,182,5332.0000,-66.2885,,29.2000,0.1883,182,5332.0000,0.0000,182,5332.0000,-153.5118
,29.2667,0.0000,183,5361.0000,0.0009,183,5361.0000,-61.1717,,29.2667,0.1835,183,5361.0000,0.0000,183,5361.0000,-154.2115
,29.3333,0.0000,184,5390.0000,0.0018,184,5390.0000,-54.7608,,29.3333,0.1787,184,5390.0000,0.0000,184,5390.0000,-154.1961
,29.4000,0.0000,185,5419.0000,0.0050,185,5419.0000,-46.0683,,29.4000,0.1741,185,5419.0000,0.0000,185,5419.0000,-154.0841
,29.4667,0.0000,186,5449.0000,0.0252,186,5449.0000,-31.9636,,29.4667,0.1694,186,5449.0000,0.0000,186,5449.0000,-154.8734
,29.5333,0.0000,187,5478.0000,0.2545,187,5478.0000,-11.8859,,29.5333,0.1648,187,5478.0000,0.0000,187,5478.0000,-154.6411
,29.6000,0.0000,188,5507.0000,0.3478,188,5507.0000,-9.1727,,29.6000,0.1603,188,5507.0000,0.0000,188,5507.0000,-155.3231
,29.6667,0.0000,189,5537.0000,0.1131,189,5537.0000,-18.9297,,29.6667,0.1558,189,5537.0000,0.0000,189,5537.0000,-155.4151
,29.7333,0.0000,190,5566.0000,0.0091,190,5566.0000,-40.7891,,29.7333,0.1514,190,5566.0000,0.0000,190,5566.0000,-155.5035
,29.8000,0.0000,191,5595.0000,0.0027,191,5595.0000,-51.3915,,29.8000,0.1470,191,5595.0000,0.0000,191,5595.0000,-154.7167
,29.8667,0.0000,192,5625.0000,0.0012,192,5625.0000,-58.7676,,29.8667,0.1427,192,5625.0000,0.0000,192,5625.0000,-155.4626
,29.9333,0.0000,193,5654.0000,0.0006,193,5654.0000,-64.4833,,29.9333,0.1384,193,5654.0000,0.0000,193,5654.0000,-157.0766
,30.0000,2.6834,194,5683.0000,0.0003,194,5683.0000,-69.1732,,30.0000,0.1342,194,5683.0000,0.0000,194,5683.0000,-155.7800
,30.0667,2.6002,195,5712.0000,0.0002,195,5712.0000,-73.1684,,30.0667,0.1300,195,5712.0000,0.0000,195,5712.0000,-155.5185
,30.1333,2.5180,196,5742.0000,0.0001,196,5742.0000,-76.6670,,30.1333,0.1259,196,5742.0000,0.0000,196,5742.0000,-156.1056
,30.2000,2.4370,197,5771.0000,0.0001,197,5771.0000,-79.7985,,30.2000,0.1219,197,5771.0000,0.0000,197,5771.0000,-156.2286
,30.2667,2.3571,198,5800.0000,0.0001,198,5800.0000,-82.6703,,30.2667,0.1179,198,5800.0000,0.0000,198,5800.0000,-157.0234
,30.3333,2.2784,199,5830.0000,0.0001,199,5830.0000,-85.3472,,30.3333,0.1139,199,5830.0000,0.0000,199,5830.0000,-156.7443
,30.4000,2.2009,200,5859.0000,0.0000,200,5859.0000,-87.9124,,30.4000,0.1100,200,5859.0000,0.0000,200,5859.0000,-157.4051
,30.4667,2.1245,201,5888.0000,0.0000,201,5888.0000,-90.4470,,30.4667,0.1062,201,5888.0000,0.0000,201,5888.0000,-156.6521
,30.5333,2.0493,202,5917.0000,0.0000,202,5917.0000,-93.0314,,30.5333,0.1025,202,5917.0000,0.0000,202,5917.0000,-157.7644
,30.6000,1.9754,203,5947.0000,0.0000,203,5947.0000,-95.7844,,30.6000,0.0988,203,5947.0000,0.0000,203,5947.0000,-156.7671
,30.6667,1.9026,204,5976.0000,0.0000,204,5976.0000,-98.8347,,30.6667,0.0951,204,5976.0000,0.0000,204,5976.0000,-158.5066
,30.7333,1.8311,205,6005.0000,0.0000,205,6005.0000,-101.9927,,30.7333,0.0916,205,6005.0000,0.0000,205,6005.0000,-157.3061
,30.8000,1.7608,206,6035.0000,0.0000,206,6035.0000,-103.6164,,30.8000,0.0880,206,6035.0000,0.0000,206,6035.0000,-158.4135
,30.8667,1.6917,207,6064.0000,0.0000,207,6064.0000,-101.5962,,30.8667,0.0846,207,6064.0000,0.0000,207,6064.0000,-158.2919
,30.9333,1.6239,208,6093.0000,0.0000,208,6093.0000,-98.2143,,30.9333,0.0812,208,6093.0000,0.0000,208,6093.0000,-158.8799
,31.0000,0.0000,209,6123.0000,0.0000,209,6123.0000,-95.0070,,31.0000,0.0779,209,6123.0000,0.0000,209,6123.0000,-158.8056
,31.0667,0.0000,210,6152.0000,0.0000,210,6152.0000,-92.0631,,31.0667,0.0746,210,6152.0000,0.0000,210,6152.0000,-159.5240
,31.1333,0.0000,211,6181.0000,0.0000,211,6181.0000,-89.2079,,31.1333,0.0714,211,6181.0000,0.0000,211,6181.0000,-159.7441
,31.2000,0.0000,212,6210.0000,0.0000,212,6210.0000,-86.3454,,31.2000,0.0683,212,6210.0000,0.0000,212,6210.0000,-159.1601
,31.2667,0.0000,213,6240.0000,0.0001,213,6240.0000,-83.3458,,31.2667,0.0652,213,6240.0000,0.0000,213,6240.0000,-159.5219
,31.3333,0.0000,214,6269.0000,0.0001,214,6269.0000,-80.1056,,31.3333,0.0622,214,6269.0000,0.0000,214,6269.0000,-159.3798
,31.4000,0.0000,215,6298.0000,0.0001,215,6298.0000,-76.4944,,31.4000,0.0593,215,6298.0000,0.0000,215,6298.0000,-159.5900
,31.4667,0.0000,216,6328.0000,0.0002,216,6328.0000,-72.3498,,31.4667,0.0564,216,6328.0000,0.0000,216,6328.0000,-160.8918
,31.5333,0.0000,217,6357.0000,0.0004,217,6357.0000,-67.4207,,31.5333,0.0536,217,6357.0000,0.0000,217,6357.0000,-160.0229
,31.6000,0.0000,218,6386.0000,0.0009,218,6386.0000,-61.2825,,31.6000,0.0509,218,6386.0000,0.0000,218,6386.0000,-159.8684
,31.6667,0.0000,219,6416.0000,0.0022,219,6416.0000,-53.0562,,31.6667,0.0482,219,6416.0000,0.0000,219,6416.0000,-163.4988
,31.7333,0.0000,220,6445.0000,0.0098,220,6445.0000,-40.1669,,31.7333,0.0456,220,6445.0000,0.0000,220,6445.0000,-160.7517
,31.8000,0.0000,221,6474.0000,0.2046,221,6474.0000,-13.7830,,31.8000,0.0431,221,6474.0000,0.0000,221,6474.0000,-161.0411
,31.8667,0.0000,222,6503.0000,0.3362,222,6503.0000,-9.4668,,31.8667,0.0406,222,6503.0000,0.0000,222,6503.0000,-162.9452
,31.9333,0.0000,223,6533.0000,0.1371,223,6533.0000,-17.2568,,31.9333,0.0382,223,6533.0000,0.0000,223,6533.0000,-161.9000
,32.0000,0.7177,224,6562.0000,0.0057,224,6562.0000,-44.9108,,32.0000,0.0359,224,6562.0000,0.0000,224,6562.0000,-161.8828
,32.0667,0.6727,225,6591.0000,0.0015,225,6591.0000,-56.2779,,32.0667,0.0336,225,6591.0000,0.0000,225,6591.0000,-163.6158
,32.1333,0.6290,226,6621.0000,0.0006,226,6621.0000,-64.0298,,32.1333,0.0315,226,6621.0000,0.0000,226,6621.0000,-162.4531
,32.2000,0.5868,227,6650.0000,0.0003,227,6650.0000,-69.9901,,32.2000,0.0293,227,6650.0000,0.0000,227,6650.0000,-162.8259
,32.2667,0.5460,228,6679.0000,0.0002,228,6679.0000,-74.8610,,32.2667,0.0273,228,6679.0000,0.0000,228,6679.0000,-164.9625
,32.3333,0.5067,229,6708.0000,0.0001,229,6708.0000,-78.9934,,32.3333,0.0253,229,6708.0000,0.0000,229,6708.0000,-163.7067
,32.4000,0.4688,230,6738.0000,0.0001,230,6738.0000,-82.6003,,32.4000,0.0234,230,6738.0000,0.0000,230,6738.0000,-165.6339
,32.4667,0.4323,231,6767.0000,0.0001,231,6767.0000,-85.8112,,32.4667,0.0216,231,6767.0000,0.0000,231,6767.0000,-165.1875
,32.5333,0.3972,232,6796.0000,0.0000,232,6796.0000,-88.7205,,32.5333,0.0199,232,6796.0000,0.0000,232,6796.0000,-163.3712
,32.6000,0.3636,233,6826.0000,0.0000,233,6826.0000,-91.3974,,32.6000,0.0182,233,6826.0000,0.0000,233,6826.0000,-168.3897
,32.6667,0.3315,234,6855.0000,0.0000,234,6855.0000,-93.9014,,32.6667,0.0166,234,6855.0000,0.0000,234,6855.0000,-164.8029
,32.7333,0.3009,235,6884.0000,0.0000,235,6884.0000,-96.2803,,32.7333,0.0150,235,6884.0000,0.0000,235,6884.0000,-167.0713
,32.8000,0.2717,236,6914.0000,0.0000,236,6914.0000,-98.5851,,32.8000,0.0136,236,6914.0000,0.0000,236,6914.0000,-166.9510
,32.8667,0.2439,237,6943.0000,0.0000,237,6943.0000,-100.8485,,32.8667,0.0122,237,6943.0000,0.0000,237,6943.0000,-165.7580
,32.9333,0.2177,238,6972.0000,0.0000,238,6972.0000,-103.1767,,32.9333,0.0109,238,6972.0000,0.0000,238,6972.0000,-168.7085
,33.0000,0.0000,239,7001.0000,0.0000,239,7001.0000,-105.5385,,33.0000,0.0096,239,7001.0000,0.0000,239,7001.0000,-167.1500
,33.0667,0.0000,240,7031.0000,0.0000,240,7031.0000,-108.1973,,33.0667,0.0085,240,7031.0000,0.0000,240,7031.0000,-168.8660
,33.1333,0.0000,241,7060.0000,0.0000,241,7060.0000,-111.0552,,33.1333,0.0074,241,7060.0000,0.0000,241,7060.0000,-170.7048
,33.2000,0.0000,242,7089.0000,0.0000,242,7089.0000,-113.9438,,33.2000,0.0064,242,7089.0000,0.0000,242,7089.0000,-170.5137
,33.2667,0.0000,243,7119.0000,0.0000,243,7119.0000,-115.0672,,33.2667,0.0054,243,7119.0000,0.0000,243,7119.0000,-168.6741
,33.3333,0.0000,244,7148.0000,0.0000,244,7148.0000,-113.1605,,33.3333,0.0046,244,7148.0000,0.0000,244,7148.0000,-171.6929
,33.4000,0.0000,245,7177.0000,0.0000,245,7177.0000,-109.9702,,33.4000,0.0038,245,7177.0000,0.0000,245,7177.0000,-173.2073
,33.4667,0.0000,246,7207.0000,0.0000,246,7207.0000,-106.9088,,33.4667,0.0031,246,7207.0000,0.0000,246,7207.0000,-170.4585
,33.5333,0.0000,247,7236.0000,0.0000,247,7236.0000,-104.0862,,33.5333,0.0024,247,7236.0000,0.0000,247,7236.0000,-174.0843
,33.6000,0.0000,248,7265.0000,0.0000,248,7265.0000,-101.2568,,33.6000,0.0019,248,7265.0000,0.0000,248,7265.0000,-176.9982
,33.6667,0.0000,249,7294.0000,0.0000,249,7294.0000,-98.4118,,33.6667,0.0014,249,7294.0000,0.0000,249,7294.0000,-173.9168
,33.7333,0.0000,250,7324.0000,0.0000,250,7324.0000,-95.2812,,33.7333,0.0009,250,7324.0000,0.0000,250,7324.0000,-181.1273
,33.8000,0.0000,251,7353.0000,0.0000,251,7353.0000,-91.7456,,33.8000,0.0006,251,7353.0000,0.0000,251,7353.0000,-178.1788
,33.8667,0.0000,252,7382.0000,0.0000,252,7382.0000,-87.4725,,33.8667,0.0003,252,7382.0000,0.0000,252,7382.0000,-178.7194
,33.9333,0.0000,253,7412.0000,0.0001,253,7412.0000,-81.8852,,33.9333,0.0002,253,7412.0000,0.0000,253,7412.0000,-186.3253
,34.0000,0.0008,254,7441.0000,0.0002,254,7441.0000,-73.2731,,34.0000,0.0000,254,7441.0000,0.0000,254,7441.0000,-177.7855
,34.0667,0.0000,255,7470.0000,0.1668,255,7470.0000,-15.5545,,34.0667,0.0000,255,7470.0000,0.0000,255,7470.0000,-191.8817
